1,Kamila,Alderton,balderton0@berkeley.edu,balderton0,Broderic,671-71-8498
2,Richart,Voase,cvoase1@deliciousdays.com,cvoase1,Cordy,656-11-6999
3,Christa,Risby,rrisby2@bing.com,rrisby2,Rad,689-08-7748
4,Stephan,Zotto,gzotto3@china.com.cn,gzotto3,Garrek,679-63-7443
5,Atlanta,Laundon,ilaundon4@clickbank.net,ilaundon4,Isidoro,810-61-3966
6,Peta,Worledge,pworledge5@gov.uk,pworledge5,Penny,126-01-7895
7,Roxane,Stenner,dstenner6@zimbio.com,dstenner6,Darrel,561-11-8916
8,Brnaby,Hesey,jhesey7@is.gd,jhesey7,Jonathon,621-82-8596
9,Elijah,Fidian,sfidian8@dell.com,sfidian8,Son,810-37-7614
10,Danya,Gullivan,egullivan9@youtu.be,egullivan9,Eldridge,516-90-4119
11,Valdemar,Cranidge,wcranidgea@phoca.cz,wcranidgea,Winthrop,348-30-1219
12,Caressa,Yvens,tyvensb@wikispaces.com,tyvensb,Tirrell,168-58-4902
13,Starlene,Kingstne,ekingstnec@woothemes.com,ekingstnec,Ely,606-54-8245
14,Enos,Secker,aseckerd@ucoz.ru,aseckerd,Allan,241-39-2020
15,Hetti,Alflat,balflate@cpanel.net,balflate,Bucky,727-96-5234
16,Ripley,Thickpenny,wthickpennyf@newyorker.com,wthickpennyf,Ward,389-37-3477
17,Gnni,Bentzen,bbentzeng@ycombinator.com,bbentzeng,Burt,812-07-7537
18,Hodge,Jaan,rjaanh@yellowpages.com,rjaanh,Russell,392-56-9591
19,Quintin,Camilletti,dcamillettii@sfgate.com,dcamillettii,Dino,366-99-8919
20,Portie,Goalley,tgoalleyj@google.cn,tgoalleyj,Towny,458-71-6034
21,Holly,Molfino,cmolfinok@princeton.edu,cmolfinok,Curry,694-39-0276
22,Erminia,Brizell,bbrizelll@mac.com,bbrizelll,Barri,776-63-8702
23,Aundrea,Ianetti,cianettim@mediafire.com,cianettim,Clayson,555-52-3551
24,Patty,Hedau,ghedaun@army.mil,ghedaun,Grace,863-92-5591
25,Clarance,Schuh,mschuho@cafepress.com,mschuho,Mathew,769-19-5371
26,Ruth,McVanamy,hmcvanamyp@purevolume.com,hmcvanamyp,Hort,570-48-8525
27,Kitti,Devil,rdevilq@unicef.org,rdevilq,Roddy,151-30-8665
28,Portie,Schimek,bschimekr@ucoz.com,bschimekr,Bendicty,239-43-7522
29,Karolina,Gremane,ngremanes@facebook.com,ngremanes,Nester,459-01-6024
30,Fanny,MacFadin,hmacfadint@imgur.com,hmacfadint,Heindrick,126-07-3021
31,Dalila,Anselm,aanselmu@wired.com,aanselmu,Armando,453-38-2992
32,Britteny,Sudy,bsudyv@ucsd.edu,bsudyv,Barnabe,637-67-6611
33,Belva,Huerta,hhuertaw@scientificamerican.com,hhuertaw,Hercule,775-88-6066
34,Bell,Ironmonger,bironmongerx@1688.com,bironmongerx,Bart,489-61-2835
35,Sigmund,Brandon,cbrandony@topsy.com,cbrandony,Cece,528-31-9973
36,Avie,Gregr,lgregrz@flavors.me,lgregrz,Langsdon,262-87-3845
37,Eleonore,Scambler,bscambler10@sciencedaily.com,bscambler10,Benton,652-79-8659
38,Krisha,Lorenzo,plorenzo11@privacy.gov.au,plorenzo11,Parry,240-49-4035
39,Carolann,Tolerton,ntolerton12@cbsnews.com,ntolerton12,Noak,477-57-1218
40,Meris,MacElharge,rmacelharge13@mediafire.com,rmacelharge13,Rudyard,562-42-7019
41,Hartwell,Phizakarley,hphizakarley14@nationalgeographic.com,hphizakarley14,Hammad,137-04-1715
42,Nelle,Pentlow,dpentlow15@domainmarket.com,dpentlow15,Dru,528-81-7476
43,Max,Chiles,uchiles16@ox.ac.uk,uchiles16,Urbano,700-23-0165
44,Sharyl,Kydde,fkydde17@elpais.com,fkydde17,Forester,115-65-3383
45,Nonie,Viegas,bviegas18@php.net,bviegas18,Brannon,858-28-0224
46,Isak,Vallentin,bvallentin19@webs.com,bvallentin19,Broderic,349-50-1518
47,Britteny,McCowan,smccowan1a@vinaora.com,smccowan1a,Sherlocke,763-97-0636
48,Andriana,Gerrish,agerrish1b@symantec.com,agerrish1b,Alberto,303-37-8065
49,Rab,Padden,dpadden1c@mayoclinic.com,dpadden1c,Dante,793-76-7168
50,Baird,Durnford,bdurnford1d@eepurl.com,bdurnford1d,Baxie,657-67-9908